phone,axes,first_with,with_without,first_without
b,Angular - Round,++0.004889,++0.4582,0.0008599
b,Bad - Good,++0.182,8.575e-16,1.452e-15
b,Cold - Hot,++0.002579,4.738e-05,9.313e-13
b,Complex - Simple,0.0002075,++0.09539,1.791e-08
b,Cowardly - Brave,++0.002023,++0.001996,4.967e-10
b,Dangerous - Secure,2.685e-05,++0.3167,4.682e-07
b,Dark - Luminous,++0.4234,++0.2174,++0.3481
b,Difficult - Easy,1.916e-06,8.671e-06,3.196e-22
b,Evil - Benign,0.0003032,0.0002237,1.599e-14
b,Faded - Bright,2.396e-05,++0.2607,1.02e-08
b,Feeble - Strong,++0.2517,++0.211,++0.06169
b,Masculine - Feminine,++0.005232,0.0004691,1.237e-10
b,Passive - Active,++0.131,2.065e-05,1.798e-07
b,Quiet - Loud,1.853e-06,1.633e-14,1.981e-35
b,Rough - Tender,++0.03648,3.129e-06,1.432e-10
b,Sad - Joyful,++0.004759,++0.01599,2.409e-07
b,Short - Long,++0.01352,6.215e-08,5.11e-13
b,Slow - Quick,++0.04153,3.705e-12,1.139e-16
b,Small - Big,0.0006435,1.37e-06,5.902e-16
b,Smooth - Rough_or_not_smooth,0.0005539,0.0002415,9.625e-13
b,Ugly - Beautiful,++0.02386,++0.003773,++0.4378
d,Angular - Round,++0.1328,6.327e-34,++0.003788
d,Bad - Good,2.194e-06,6.029e-13,8.234e-13
d,Cold - Hot,++0.08992,2.893e-24,1.808e-06
d,Complex - Simple,++0.04321,1.838e-10,++0.4116
d,Cowardly - Brave,++0.009924,6.459e-15,1.179e-06
d,Dangerous - Secure,++0.3676,++0.2625,++0.44
d,Dark - Luminous,++0.2523,2.018e-56,6.985e-06
d,Difficult - Easy,++0.01264,0.0008414,0.0005582
d,Evil - Benign,++0.06739,3.39e-19,8.976e-06
d,Faded - Bright,++0.02034,8.675e-09,6.144e-05
d,Feeble - Strong,++0.0295,3.04e-17,5.361e-06
d,Masculine - Feminine,0.0006646,5.468e-17,4.139e-09
d,Passive - Active,5.586e-06,9.98e-14,1.537e-11
d,Quiet - Loud,0.0006838,8.758e-17,2.163e-09
d,Rough - Tender,++0.479,1.239e-30,0.0002457
d,Sad - Joyful,++0.01507,3.628e-20,++0.2803
d,Short - Long,++0.007309,6.089e-26,3.333e-09
d,Slow - Quick,++0.007913,1.694e-30,8.565e-10
d,Small - Big,++0.08232,3.864e-12,0.0001701
d,Smooth - Rough_or_not_smooth,++0.01717,1.244e-10,3.1e-05
d,Ugly - Beautiful,3.286e-07,4.741e-35,7.262e-18
f,Angular - Round,++0.03093,++0.006538,++0.372
f,Bad - Good,1.767e-06,7.666e-30,0.0002554
f,Cold - Hot,++0.002942,1.43e-08,++0.1401
f,Complex - Simple,1.09e-05,5.59e-07,++0.08986
f,Cowardly - Brave,++0.003382,5.923e-09,++0.1578
f,Dangerous - Secure,++0.3956,++0.344,++0.2762
f,Dark - Luminous,++0.02252,0.0009478,++0.4406
f,Difficult - Easy,++0.1369,7.002e-07,++0.008656
f,Evil - Benign,++0.005571,9.301e-10,++0.06755
f,Faded - Bright,++0.06891,0.0005981,++0.22
f,Feeble - Strong,++0.01777,0.0001239,++0.3919
f,Masculine - Feminine,3.264e-05,1.049e-14,++0.2454
f,Passive - Active,++0.07578,2.45e-12,8.294e-05
f,Quiet - Loud,0.000621,2.717e-12,++0.06684
f,Rough - Tender,++0.03327,1.002e-08,++0.02416
f,Sad - Joyful,++0.2519,++0.04297,++0.01079
f,Short - Long,++0.376,4.943e-08,3.393e-05
f,Slow - Quick,++0.07631,6.336e-12,0.0001542
f,Small - Big,++0.04764,7.395e-07,++0.03026
f,Smooth - Rough_or_not_smooth,++0.1708,++0.003226,++0.1611
f,Ugly - Beautiful,++0.01218,9.589e-10,++0.02521
g,Angular - Round,++0.1109,++0.1372,++0.2036
g,Bad - Good,++0.2932,2.37e-24,2.39e-05
g,Cold - Hot,0.0004251,++0.01934,1.27e-05
g,Complex - Simple,++0.001026,0.0001454,++0.03093
g,Cowardly - Brave,++0.2259,++0.002971,++0.0324
g,Dangerous - Secure,3.726e-07,++0.06279,5.858e-07
g,Dark - Luminous,++0.3663,++0.4661,++0.3519
g,Difficult - Easy,6.965e-06,0.0003934,1.635e-09
g,Evil - Benign,0.0001163,0.0001076,3.415e-08
g,Faded - Bright,++0.1348,++0.06176,++0.0355
g,Feeble - Strong,++0.1138,++0.01729,++0.3127
g,Masculine - Feminine,++0.005788,++0.06067,0.0006749
g,Passive - Active,++0.05671,++0.00107,++0.002204
g,Quiet - Loud,0.0002001,1.779e-07,7.939e-09
g,Rough - Tender,0.0006717,1.992e-13,3.062e-10
g,Sad - Joyful,++0.001449,++0.05645,8.69e-05
g,Short - Long,++0.002232,1.124e-10,2.404e-08
g,Slow - Quick,++0.005782,8.024e-09,1.246e-06
g,Small - Big,++0.005489,1.916e-10,1.851e-07
g,Smooth - Rough_or_not_smooth,++0.001036,++0.3513,0.0002843
g,Ugly - Beautiful,0.0001289,3.985e-08,++0.04204
h,Angular - Round,++0.07295,++0.0136,++0.4051
h,Bad - Good,++0.009802,8.318e-09,++0.1474
h,Cold - Hot,1.221e-25,7.351e-05,1.115e-47
h,Complex - Simple,3.704e-19,++0.003076,7.927e-18
h,Cowardly - Brave,2.392e-05,++0.09171,8.787e-05
h,Dangerous - Secure,1.718e-05,8.63e-09,6.701e-18
h,Dark - Luminous,0.0001977,++0.4722,2.353e-05
h,Difficult - Easy,5.727e-23,0.0006929,2.616e-20
h,Evil - Benign,1.811e-39,++0.04315,9.324e-45
h,Faded - Bright,1.6e-11,++0.2753,1.574e-15
h,Feeble - Strong,0.0005079,++0.1358,4.826e-06
h,Masculine - Feminine,++0.07589,++0.02684,++0.001839
h,Passive - Active,1.629e-10,1.651e-06,2.886e-05
h,Quiet - Loud,3.35e-22,++0.0107,1.185e-21
h,Rough - Tender,7.41e-17,0.0002921,2.236e-13
h,Sad - Joyful,1.451e-08,++0.01313,3.605e-07
h,Short - Long,++0.3338,++0.1358,++0.4244
h,Slow - Quick,++0.001687,0.0006217,3.882e-08
h,Small - Big,2.08e-16,++0.112,6.698e-18
h,Smooth - Rough_or_not_smooth,7.339e-08,5.476e-07,++0.003463
h,Ugly - Beautiful,++0.005067,++0.2902,0.000412
j,Angular - Round,++0.1226,7.581e-21,3.258e-09
j,Bad - Good,++0.05724,++0.3464,++0.07311
j,Cold - Hot,9.03e-19,7.538e-81,++0.4018
j,Complex - Simple,++0.005147,2.868e-39,3.208e-05
j,Cowardly - Brave,9.649e-10,2.794e-23,++0.1381
j,Dangerous - Secure,++0.09922,++0.005173,++0.005042
j,Dark - Luminous,1.098e-05,++0.4616,3.73e-06
j,Difficult - Easy,++0.003649,4.794e-35,0.0002921
j,Evil - Benign,4.992e-08,1.245e-45,++0.04673
j,Faded - Bright,++0.001449,3.602e-45,1.857e-05
j,Feeble - Strong,0.0001413,4.241e-14,++0.471
j,Masculine - Feminine,5.806e-07,++0.003755,5.788e-05
j,Passive - Active,1.751e-39,1.235e-174,++0.1826
j,Quiet - Loud,++0.2956,++0.003432,++0.02254
j,Rough - Tender,5.231e-07,1.596e-31,++0.1835
j,Sad - Joyful,1.714e-22,2.21e-115,++0.04516
j,Short - Long,1.56e-07,3.225e-29,++0.2991
j,Slow - Quick,0.0001771,++0.0031,++0.01325
j,Small - Big,4.927e-07,9.457e-44,++0.01795
j,Smooth - Rough_or_not_smooth,1.096e-10,1.194e-53,++0.08924
j,Ugly - Beautiful,++0.01227,1.223e-14,++0.06777
q,Angular - Round,++1.0,++1.0,++1.0
q,Bad - Good,++1.0,++1.0,++1.0
q,Cold - Hot,++1.0,++1.0,++1.0
q,Complex - Simple,++1.0,++1.0,++1.0
q,Cowardly - Brave,++1.0,++1.0,++1.0
q,Dangerous - Secure,++1.0,++1.0,++1.0
q,Dark - Luminous,++1.0,++1.0,++1.0
q,Difficult - Easy,++1.0,++1.0,++1.0
q,Evil - Benign,++1.0,++1.0,++1.0
q,Faded - Bright,++1.0,++1.0,++1.0
q,Feeble - Strong,++1.0,++1.0,++1.0
q,Masculine - Feminine,++1.0,++1.0,++1.0
q,Passive - Active,++1.0,++1.0,++1.0
q,Quiet - Loud,++1.0,++1.0,++1.0
q,Rough - Tender,++1.0,++1.0,++1.0
q,Sad - Joyful,++1.0,++1.0,++1.0
q,Short - Long,++1.0,++1.0,++1.0
q,Slow - Quick,++1.0,++1.0,++1.0
q,Small - Big,++1.0,++1.0,++1.0
q,Smooth - Rough_or_not_smooth,++1.0,++1.0,++1.0
q,Ugly - Beautiful,++1.0,++1.0,++1.0
r,Angular - Round,++0.04972,3.488e-39,2.72e-06
r,Bad - Good,++0.3059,1.767e-53,1.144e-12
r,Cold - Hot,6.164e-06,1.811e-09,++0.05116
r,Complex - Simple,++0.4874,7.691e-15,8.266e-05
r,Cowardly - Brave,++0.0136,++0.07868,++0.06269
r,Dangerous - Secure,0.0003674,0.0005759,3.374e-07
r,Dark - Luminous,++0.1417,8.84e-42,3.528e-08
r,Difficult - Easy,1.06e-05,1.337e-16,++0.3718
r,Evil - Benign,1.33e-08,4.805e-09,++0.00179
r,Faded - Bright,++0.2181,++0.4316,++0.1914
r,Feeble - Strong,++0.01875,1.058e-12,++0.09576
r,Masculine - Feminine,++0.396,++0.002218,++0.05038
r,Passive - Active,6.57e-06,8.635e-06,++0.01064
r,Quiet - Loud,++0.008821,1.277e-16,1.296e-10
r,Rough - Tender,1.568e-06,1.296e-09,++0.02793
r,Sad - Joyful,2.577e-09,1.61e-09,0.0007195
r,Short - Long,++0.03654,++0.04215,++0.1794
r,Slow - Quick,++0.02448,++0.4122,++0.0174
r,Small - Big,++0.04665,3.05e-05,++0.4063
r,Smooth - Rough_or_not_smooth,9.236e-07,++0.2766,2.672e-06
r,Ugly - Beautiful,++0.003053,0.0001498,++0.1421
v,Angular - Round,4.62e-06,1.996e-17,++0.1253
v,Bad - Good,++0.1591,0.0008722,0.0001692
v,Cold - Hot,++0.06592,1.964e-21,4.443e-08
v,Complex - Simple,3.06e-09,3.296e-05,3.885e-05
v,Cowardly - Brave,++0.05558,4.727e-12,0.0005837
v,Dangerous - Secure,++0.07397,1.026e-07,1.917e-08
v,Dark - Luminous,1.256e-05,1.639e-14,++0.2207
v,Difficult - Easy,++0.001488,++0.03857,3.536e-07
v,Evil - Benign,++0.02426,++0.2729,++0.002535
v,Faded - Bright,++0.01045,9.827e-31,9.498e-10
v,Feeble - Strong,2.425e-08,1.557e-31,++0.0099
v,Masculine - Feminine,++0.008789,8.334e-16,0.0004298
v,Passive - Active,1.452e-06,1.369e-28,++0.002392
v,Quiet - Loud,0.0002827,++0.001774,1.705e-10
v,Rough - Tender,++0.3166,3.916e-05,0.000191
v,Sad - Joyful,++0.3491,1.793e-07,8.43e-06
v,Short - Long,++0.1788,7.583e-18,3.842e-08
v,Slow - Quick,++0.3307,1.021e-07,0.0003858
v,Small - Big,0.000988,++0.4844,0.0001311
v,Smooth - Rough_or_not_smooth,++0.01384,1.746e-14,0.0006501
v,Ugly - Beautiful,9.69e-06,7.048e-13,++0.3637
w,Angular - Round,++1.0,++1.0,++1.0
w,Bad - Good,++1.0,++1.0,++1.0
w,Cold - Hot,++1.0,++1.0,++1.0
w,Complex - Simple,++1.0,++1.0,++1.0
w,Cowardly - Brave,++1.0,++1.0,++1.0
w,Dangerous - Secure,++1.0,++1.0,++1.0
w,Dark - Luminous,++1.0,++1.0,++1.0
w,Difficult - Easy,++1.0,++1.0,++1.0
w,Evil - Benign,++1.0,++1.0,++1.0
w,Faded - Bright,++1.0,++1.0,++1.0
w,Feeble - Strong,++1.0,++1.0,++1.0
w,Masculine - Feminine,++1.0,++1.0,++1.0
w,Passive - Active,++1.0,++1.0,++1.0
w,Quiet - Loud,++1.0,++1.0,++1.0
w,Rough - Tender,++1.0,++1.0,++1.0
w,Sad - Joyful,++1.0,++1.0,++1.0
w,Short - Long,++1.0,++1.0,++1.0
w,Slow - Quick,++1.0,++1.0,++1.0
w,Small - Big,++1.0,++1.0,++1.0
w,Smooth - Rough_or_not_smooth,++1.0,++1.0,++1.0
w,Ugly - Beautiful,++1.0,++1.0,++1.0
x,Angular - Round,++1.0,++1.0,++1.0
x,Bad - Good,++1.0,++1.0,++1.0
x,Cold - Hot,++1.0,++1.0,++1.0
x,Complex - Simple,++1.0,++1.0,++1.0
x,Cowardly - Brave,++1.0,++1.0,++1.0
x,Dangerous - Secure,++1.0,++1.0,++1.0
x,Dark - Luminous,++1.0,++1.0,++1.0
x,Difficult - Easy,++1.0,++1.0,++1.0
x,Evil - Benign,++1.0,++1.0,++1.0
x,Faded - Bright,++1.0,++1.0,++1.0
x,Feeble - Strong,++1.0,++1.0,++1.0
x,Masculine - Feminine,++1.0,++1.0,++1.0
x,Passive - Active,++1.0,++1.0,++1.0
x,Quiet - Loud,++1.0,++1.0,++1.0
x,Rough - Tender,++1.0,++1.0,++1.0
x,Sad - Joyful,++1.0,++1.0,++1.0
x,Short - Long,++1.0,++1.0,++1.0
x,Slow - Quick,++1.0,++1.0,++1.0
x,Small - Big,++1.0,++1.0,++1.0
x,Smooth - Rough_or_not_smooth,++1.0,++1.0,++1.0
x,Ugly - Beautiful,++1.0,++1.0,++1.0
z,Angular - Round,++1.0,++1.0,++1.0
z,Bad - Good,++1.0,++1.0,++1.0
z,Cold - Hot,++1.0,++1.0,++1.0
z,Complex - Simple,++1.0,++1.0,++1.0
z,Cowardly - Brave,++1.0,++1.0,++1.0
z,Dangerous - Secure,++1.0,++1.0,++1.0
z,Dark - Luminous,++1.0,++1.0,++1.0
z,Difficult - Easy,++1.0,++1.0,++1.0
z,Evil - Benign,++1.0,++1.0,++1.0
z,Faded - Bright,++1.0,++1.0,++1.0
z,Feeble - Strong,++1.0,++1.0,++1.0
z,Masculine - Feminine,++1.0,++1.0,++1.0
z,Passive - Active,++1.0,++1.0,++1.0
z,Quiet - Loud,++1.0,++1.0,++1.0
z,Rough - Tender,++1.0,++1.0,++1.0
z,Sad - Joyful,++1.0,++1.0,++1.0
z,Short - Long,++1.0,++1.0,++1.0
z,Slow - Quick,++1.0,++1.0,++1.0
z,Small - Big,++1.0,++1.0,++1.0
z,Smooth - Rough_or_not_smooth,++1.0,++1.0,++1.0
z,Ugly - Beautiful,++1.0,++1.0,++1.0
š,Angular - Round,++1.0,++1.0,++1.0
š,Bad - Good,++1.0,++1.0,++1.0
š,Cold - Hot,++1.0,++1.0,++1.0
š,Complex - Simple,++1.0,++1.0,++1.0
š,Cowardly - Brave,++1.0,++1.0,++1.0
š,Dangerous - Secure,++1.0,++1.0,++1.0
š,Dark - Luminous,++1.0,++1.0,++1.0
š,Difficult - Easy,++1.0,++1.0,++1.0
š,Evil - Benign,++1.0,++1.0,++1.0
š,Faded - Bright,++1.0,++1.0,++1.0
š,Feeble - Strong,++1.0,++1.0,++1.0
š,Masculine - Feminine,++1.0,++1.0,++1.0
š,Passive - Active,++1.0,++1.0,++1.0
š,Quiet - Loud,++1.0,++1.0,++1.0
š,Rough - Tender,++1.0,++1.0,++1.0
š,Sad - Joyful,++1.0,++1.0,++1.0
š,Short - Long,++1.0,++1.0,++1.0
š,Slow - Quick,++1.0,++1.0,++1.0
š,Small - Big,++1.0,++1.0,++1.0
š,Smooth - Rough_or_not_smooth,++1.0,++1.0,++1.0
š,Ugly - Beautiful,++1.0,++1.0,++1.0
å,Angular - Round,++1.0,++1.0,++1.0
å,Bad - Good,++1.0,++1.0,++1.0
å,Cold - Hot,++1.0,++1.0,++1.0
å,Complex - Simple,++1.0,++1.0,++1.0
å,Cowardly - Brave,++1.0,++1.0,++1.0
å,Dangerous - Secure,++1.0,++1.0,++1.0
å,Dark - Luminous,++1.0,++1.0,++1.0
å,Difficult - Easy,++1.0,++1.0,++1.0
å,Evil - Benign,++1.0,++1.0,++1.0
å,Faded - Bright,++1.0,++1.0,++1.0
å,Feeble - Strong,++1.0,++1.0,++1.0
å,Masculine - Feminine,++1.0,++1.0,++1.0
å,Passive - Active,++1.0,++1.0,++1.0
å,Quiet - Loud,++1.0,++1.0,++1.0
å,Rough - Tender,++1.0,++1.0,++1.0
å,Sad - Joyful,++1.0,++1.0,++1.0
å,Short - Long,++1.0,++1.0,++1.0
å,Slow - Quick,++1.0,++1.0,++1.0
å,Small - Big,++1.0,++1.0,++1.0
å,Smooth - Rough_or_not_smooth,++1.0,++1.0,++1.0
å,Ugly - Beautiful,++1.0,++1.0,++1.0
kk,Angular - Round,++1.0,9.004e-107,++1.0
kk,Bad - Good,++1.0,5.277e-07,++1.0
kk,Cold - Hot,++1.0,5.869e-06,++1.0
kk,Complex - Simple,++1.0,8.856e-18,++1.0
kk,Cowardly - Brave,++1.0,6.854e-29,++1.0
kk,Dangerous - Secure,++1.0,5.072e-15,++1.0
kk,Dark - Luminous,++1.0,1.669e-98,++1.0
kk,Difficult - Easy,++1.0,++0.01665,++1.0
kk,Evil - Benign,++1.0,1.318e-12,++1.0
kk,Faded - Bright,++1.0,6.249e-40,++1.0
kk,Feeble - Strong,++1.0,3.45e-56,++1.0
kk,Masculine - Feminine,++1.0,2.166e-13,++1.0
kk,Passive - Active,++1.0,8.367e-51,++1.0
kk,Quiet - Loud,++1.0,++0.0259,++1.0
kk,Rough - Tender,++1.0,4.19e-22,++1.0
kk,Sad - Joyful,++1.0,++0.1974,++1.0
kk,Short - Long,++1.0,3.842e-38,++1.0
kk,Slow - Quick,++1.0,8.134e-40,++1.0
kk,Small - Big,++1.0,++0.1915,++1.0
kk,Smooth - Rough_or_not_smooth,++1.0,2.68e-16,++1.0
kk,Ugly - Beautiful,++1.0,3.056e-57,++1.0
k,Angular - Round,++0.3304,3.578e-15,1.21e-11
k,Bad - Good,++0.3007,++0.06192,++0.227
k,Cold - Hot,1.328e-09,++0.001923,7.624e-19
k,Complex - Simple,9.435e-12,++0.003026,8.218e-23
k,Cowardly - Brave,++0.2404,++0.4816,++0.2461
k,Dangerous - Secure,3.704e-42,4.898e-08,2.968e-25
k,Dark - Luminous,++0.009799,3.355e-13,0.0005165
k,Difficult - Easy,0.0001226,++0.1192,1.876e-07
k,Evil - Benign,++0.003568,9.626e-05,8.402e-10
k,Faded - Bright,++0.3144,++0.01975,++0.01278
k,Feeble - Strong,++0.05454,8.072e-10,1.555e-11
k,Masculine - Feminine,++0.4398,3.819e-05,0.0003294
k,Passive - Active,++0.3701,1.078e-19,2.342e-12
k,Quiet - Loud,++0.01953,7.706e-22,1.332e-08
k,Rough - Tender,5.286e-05,++0.1391,0.0004067
k,Sad - Joyful,3.799e-09,++0.4971,1.479e-10
k,Short - Long,0.0007375,1.979e-17,0.0004666
k,Slow - Quick,++0.06002,1.837e-13,1.29e-05
k,Small - Big,0.0002226,++0.04515,++0.006415
k,Smooth - Rough_or_not_smooth,++0.3384,++0.02545,++0.1367
k,Ugly - Beautiful,5.105e-11,++0.005733,1.424e-20
ll,Angular - Round,++1.0,5.413e-40,++1.0
ll,Bad - Good,++1.0,8.379e-28,++1.0
ll,Cold - Hot,++1.0,++0.01592,++1.0
ll,Complex - Simple,++1.0,8.988e-19,++1.0
ll,Cowardly - Brave,++1.0,++0.01187,++1.0
ll,Dangerous - Secure,++1.0,1.135e-15,++1.0
ll,Dark - Luminous,++1.0,2.825e-29,++1.0
ll,Difficult - Easy,++1.0,4.785e-16,++1.0
ll,Evil - Benign,++1.0,2.866e-06,++1.0
ll,Faded - Bright,++1.0,++0.3,++1.0
ll,Feeble - Strong,++1.0,2.712e-12,++1.0
ll,Masculine - Feminine,++1.0,2.387e-05,++1.0
ll,Passive - Active,++1.0,++0.001459,++1.0
ll,Quiet - Loud,++1.0,6.624e-28,++1.0
ll,Rough - Tender,++1.0,++0.006134,++1.0
ll,Sad - Joyful,++1.0,4.301e-06,++1.0
ll,Short - Long,++1.0,7.428e-36,++1.0
ll,Slow - Quick,++1.0,1.126e-09,++1.0
ll,Small - Big,++1.0,++0.3483,++1.0
ll,Smooth - Rough_or_not_smooth,++1.0,++0.3315,++1.0
ll,Ugly - Beautiful,++1.0,++0.004183,++1.0
l,Angular - Round,7.002e-06,1.382e-23,++0.1886
l,Bad - Good,++0.005484,2.659e-21,++0.004206
l,Cold - Hot,0.0006452,++0.4166,0.0009507
l,Complex - Simple,1.931e-06,3.108e-47,0.0009539
l,Cowardly - Brave,2.862e-08,++0.4319,1.008e-08
l,Dangerous - Secure,2.442e-31,7.634e-29,8.817e-09
l,Dark - Luminous,7.887e-21,5.411e-29,0.0004367
l,Difficult - Easy,0.0005284,3.476e-17,8.636e-16
l,Evil - Benign,4.518e-08,2.259e-13,6.665e-22
l,Faded - Bright,2.169e-08,1.129e-05,0.0006776
l,Feeble - Strong,1.341e-11,8.373e-15,++0.006455
l,Masculine - Feminine,2.418e-20,2.144e-09,1.944e-10
l,Passive - Active,7.549e-08,1.506e-17,++0.2533
l,Quiet - Loud,++0.04718,1.558e-23,5.49e-13
l,Rough - Tender,4.755e-15,++0.1532,1.211e-13
l,Sad - Joyful,++0.004487,++0.4115,++0.006164
l,Short - Long,++0.06697,0.0001748,++0.3577
l,Slow - Quick,++0.3235,++0.06909,++0.1095
l,Small - Big,++0.4396,4.222e-08,0.000988
l,Smooth - Rough_or_not_smooth,++0.4842,++0.02217,++0.1525
l,Ugly - Beautiful,++0.004027,9.333e-05,++0.2461
ii,Angular - Round,++1.0,1.025e-06,++1.0
ii,Bad - Good,++1.0,4.003e-07,++1.0
ii,Cold - Hot,++1.0,0.0004956,++1.0
ii,Complex - Simple,++1.0,++0.02955,++1.0
ii,Cowardly - Brave,++1.0,++0.3732,++1.0
ii,Dangerous - Secure,++1.0,0.0004349,++1.0
ii,Dark - Luminous,++1.0,++0.1337,++1.0
ii,Difficult - Easy,++1.0,++0.004153,++1.0
ii,Evil - Benign,++1.0,3.584e-08,++1.0
ii,Faded - Bright,++1.0,++0.005665,++1.0
ii,Feeble - Strong,++1.0,0.000116,++1.0
ii,Masculine - Feminine,++1.0,++0.1485,++1.0
ii,Passive - Active,++1.0,1.938e-07,++1.0
ii,Quiet - Loud,++1.0,2.635e-07,++1.0
ii,Rough - Tender,++1.0,0.0002031,++1.0
ii,Sad - Joyful,++1.0,2.62e-12,++1.0
ii,Short - Long,++1.0,++0.3089,++1.0
ii,Slow - Quick,++1.0,0.000119,++1.0
ii,Small - Big,++1.0,4.06e-05,++1.0
ii,Smooth - Rough_or_not_smooth,++1.0,7.448e-14,++1.0
ii,Ugly - Beautiful,++1.0,0.0005453,++1.0
ie,Angular - Round,++1.0,++0.2001,++1.0
ie,Bad - Good,++1.0,++0.1268,++1.0
ie,Cold - Hot,++1.0,++0.06701,++1.0
ie,Complex - Simple,++1.0,++0.4215,++1.0
ie,Cowardly - Brave,++1.0,1.548e-16,++1.0
ie,Dangerous - Secure,++1.0,1.708e-08,++1.0
ie,Dark - Luminous,++1.0,3.97e-09,++1.0
ie,Difficult - Easy,++1.0,1.553e-07,++1.0
ie,Evil - Benign,++1.0,3.266e-09,++1.0
ie,Faded - Bright,++1.0,++0.2523,++1.0
ie,Feeble - Strong,++1.0,3.677e-11,++1.0
ie,Masculine - Feminine,++1.0,4.378e-22,++1.0
ie,Passive - Active,++1.0,1.297e-20,++1.0
ie,Quiet - Loud,++1.0,1.598e-19,++1.0
ie,Rough - Tender,++1.0,1.349e-10,++1.0
ie,Sad - Joyful,++1.0,++0.1236,++1.0
ie,Short - Long,++1.0,++0.004531,++1.0
ie,Slow - Quick,++1.0,++0.001758,++1.0
ie,Small - Big,++1.0,4.429e-08,++1.0
ie,Smooth - Rough_or_not_smooth,++1.0,++0.2888,++1.0
ie,Ugly - Beautiful,++1.0,++0.1318,++1.0
iu,Angular - Round,++1.0,++0.3808,++1.0
iu,Bad - Good,++1.0,8.454e-06,++1.0
iu,Cold - Hot,++1.0,++0.032,++1.0
iu,Complex - Simple,++1.0,++0.2222,++1.0
iu,Cowardly - Brave,++1.0,++0.2822,++1.0
iu,Dangerous - Secure,++1.0,++0.2407,++1.0
iu,Dark - Luminous,++1.0,++0.4983,++1.0
iu,Difficult - Easy,++1.0,++0.2385,++1.0
iu,Evil - Benign,++1.0,++0.06767,++1.0
iu,Faded - Bright,++1.0,++0.1171,++1.0
iu,Feeble - Strong,++1.0,++0.008247,++1.0
iu,Masculine - Feminine,++1.0,++0.3736,++1.0
iu,Passive - Active,++1.0,++0.01577,++1.0
iu,Quiet - Loud,++1.0,++0.3078,++1.0
iu,Rough - Tender,++1.0,++0.01363,++1.0
iu,Sad - Joyful,++1.0,6.051e-05,++1.0
iu,Short - Long,++1.0,++0.006853,++1.0
iu,Slow - Quick,++1.0,++0.05835,++1.0
iu,Small - Big,++1.0,++0.4031,++1.0
iu,Smooth - Rough_or_not_smooth,++1.0,++0.2898,++1.0
iu,Ugly - Beautiful,++1.0,++0.003027,++1.0
iy,Angular - Round,++1.0,++1.0,++1.0
iy,Bad - Good,++1.0,++1.0,++1.0
iy,Cold - Hot,++1.0,++1.0,++1.0
iy,Complex - Simple,++1.0,++1.0,++1.0
iy,Cowardly - Brave,++1.0,++1.0,++1.0
iy,Dangerous - Secure,++1.0,++1.0,++1.0
iy,Dark - Luminous,++1.0,++1.0,++1.0
iy,Difficult - Easy,++1.0,++1.0,++1.0
iy,Evil - Benign,++1.0,++1.0,++1.0
iy,Faded - Bright,++1.0,++1.0,++1.0
iy,Feeble - Strong,++1.0,++1.0,++1.0
iy,Masculine - Feminine,++1.0,++1.0,++1.0
iy,Passive - Active,++1.0,++1.0,++1.0
iy,Quiet - Loud,++1.0,++1.0,++1.0
iy,Rough - Tender,++1.0,++1.0,++1.0
iy,Sad - Joyful,++1.0,++1.0,++1.0
iy,Short - Long,++1.0,++1.0,++1.0
iy,Slow - Quick,++1.0,++1.0,++1.0
iy,Small - Big,++1.0,++1.0,++1.0
iy,Smooth - Rough_or_not_smooth,++1.0,++1.0,++1.0
iy,Ugly - Beautiful,++1.0,++1.0,++1.0
i,Angular - Round,0.0003619,2.758e-24,++0.3989
i,Bad - Good,0.0002561,1.315e-18,++0.1642
i,Cold - Hot,3.674e-19,1.212e-14,1.76e-10
i,Complex - Simple,++0.006141,9.404e-28,5.068e-09
i,Cowardly - Brave,7.167e-05,0.0008065,2.704e-06
i,Dangerous - Secure,1.873e-18,++0.002335,2.173e-14
i,Dark - Luminous,0.0002193,3.313e-21,++0.235
i,Difficult - Easy,0.0005009,5.461e-16,++0.1875
i,Evil - Benign,1.071e-15,1.47e-26,1.163e-06
i,Faded - Bright,4.78e-07,++0.2245,3.777e-07
i,Feeble - Strong,0.0007771,7.755e-43,++0.1722
i,Masculine - Feminine,1.364e-05,5.49e-23,4.684e-12
i,Passive - Active,++0.008347,8.751e-62,++0.006253
i,Quiet - Loud,2.584e-08,5.525e-10,0.0002094
i,Rough - Tender,++0.008174,3.268e-06,++0.1477
i,Sad - Joyful,++0.3331,3.291e-44,0.0001459
i,Short - Long,++0.07322,++0.4704,++0.0828
i,Slow - Quick,++0.414,7.787e-09,++0.03088
i,Small - Big,++0.05286,1.415e-12,++0.3279
i,Smooth - Rough_or_not_smooth,++0.1925,++0.05984,++0.3445
i,Ugly - Beautiful,++0.003336,++0.06839,++0.01182
tt,Angular - Round,++1.0,6.116e-64,++1.0
tt,Bad - Good,++1.0,++0.003121,++1.0
tt,Cold - Hot,++1.0,2.927e-16,++1.0
tt,Complex - Simple,++1.0,++0.001513,++1.0
tt,Cowardly - Brave,++1.0,++0.04371,++1.0
tt,Dangerous - Secure,++1.0,1.593e-07,++1.0
tt,Dark - Luminous,++1.0,1.294e-51,++1.0
tt,Difficult - Easy,++1.0,++0.01537,++1.0
tt,Evil - Benign,++1.0,1.263e-06,++1.0
tt,Faded - Bright,++1.0,3.016e-13,++1.0
tt,Feeble - Strong,++1.0,2.135e-13,++1.0
tt,Masculine - Feminine,++1.0,1.445e-09,++1.0
tt,Passive - Active,++1.0,++0.09156,++1.0
tt,Quiet - Loud,++1.0,3.696e-10,++1.0
tt,Rough - Tender,++1.0,++0.2236,++1.0
tt,Sad - Joyful,++1.0,1.058e-35,++1.0
tt,Short - Long,++1.0,5.722e-16,++1.0
tt,Slow - Quick,++1.0,4.123e-28,++1.0
tt,Small - Big,++1.0,8.858e-06,++1.0
tt,Smooth - Rough_or_not_smooth,++1.0,0.0001451,++1.0
tt,Ugly - Beautiful,++1.0,1.4e-29,++1.0
t,Angular - Round,2.089e-17,1.826e-304,7.842e-38
t,Bad - Good,1.59e-19,3.935e-32,++0.01142
t,Cold - Hot,++0.03657,8.266e-120,6.807e-29
t,Complex - Simple,9.069e-17,++0.06481,8.765e-20
t,Cowardly - Brave,4.854e-19,4.147e-119,7.569e-06
t,Dangerous - Secure,0.000523,5.295e-20,++0.02742
t,Dark - Luminous,3.645e-15,0.0,1.753e-61
t,Difficult - Easy,1.821e-16,3.088e-56,++0.2133
t,Evil - Benign,1.041e-06,8.946e-188,3.616e-31
t,Faded - Bright,1.97e-14,2.028e-210,1.773e-23
t,Feeble - Strong,1.367e-22,4.037e-142,9.572e-07
t,Masculine - Feminine,0.0002398,7.182e-64,1.213e-09
t,Passive - Active,7.182e-22,4.055e-23,5.625e-05
t,Quiet - Loud,3.585e-11,2.285e-96,6.442e-08
t,Rough - Tender,7.294e-17,1.211e-95,0.0001606
t,Sad - Joyful,2.547e-14,2.314e-135,3.505e-11
t,Short - Long,8.868e-22,5.151e-169,4.088e-10
t,Slow - Quick,3.139e-18,1.559e-81,++0.01172
t,Small - Big,++0.4706,2.048e-123,5.566e-39
t,Smooth - Rough_or_not_smooth,9.928e-06,1.015e-46,9.474e-05
t,Ugly - Beautiful,2.854e-09,1.605e-216,5.701e-34
ss,Angular - Round,++1.0,1.007e-09,++1.0
ss,Bad - Good,++1.0,2.151e-28,++1.0
ss,Cold - Hot,++1.0,6.574e-08,++1.0
ss,Complex - Simple,++1.0,++0.02685,++1.0
ss,Cowardly - Brave,++1.0,5.793e-19,++1.0
ss,Dangerous - Secure,++1.0,4.052e-05,++1.0
ss,Dark - Luminous,++1.0,0.0001654,++1.0
ss,Difficult - Easy,++1.0,9.543e-16,++1.0
ss,Evil - Benign,++1.0,7.349e-10,++1.0
ss,Faded - Bright,++1.0,5.19e-14,++1.0
ss,Feeble - Strong,++1.0,2.427e-20,++1.0
ss,Masculine - Feminine,++1.0,2.158e-11,++1.0
ss,Passive - Active,++1.0,2.3e-14,++1.0
ss,Quiet - Loud,++1.0,++0.1496,++1.0
ss,Rough - Tender,++1.0,3.889e-17,++1.0
ss,Sad - Joyful,++1.0,++0.0142,++1.0
ss,Short - Long,++1.0,9.497e-12,++1.0
ss,Slow - Quick,++1.0,5.332e-09,++1.0
ss,Small - Big,++1.0,8.488e-05,++1.0
ss,Smooth - Rough_or_not_smooth,++1.0,1.295e-29,++1.0
ss,Ugly - Beautiful,++1.0,8.905e-05,++1.0
s,Angular - Round,1.561e-17,4.9e-64,++0.03502
s,Bad - Good,++0.1941,5.822e-41,1.808e-12
s,Cold - Hot,1.696e-12,1.531e-09,0.0007823
s,Complex - Simple,++0.08688,8.213e-05,++0.1872
s,Cowardly - Brave,0.0002524,3.136e-31,0.0003373
s,Dangerous - Secure,++0.3044,4.203e-42,1.282e-14
s,Dark - Luminous,1.227e-31,2.854e-69,++0.2306
s,Difficult - Easy,++0.002574,2.06e-19,++0.005293
s,Evil - Benign,3.406e-13,4.362e-48,++0.05871
s,Faded - Bright,1.416e-15,1.282e-43,++0.3121
s,Feeble - Strong,++0.005674,8.973e-24,0.0003548
s,Masculine - Feminine,++0.03031,2.65e-07,++0.1423
s,Passive - Active,++0.05478,5.084e-26,3.648e-15
s,Quiet - Loud,1.079e-25,7.314e-38,++0.003092
s,Rough - Tender,++0.02665,2.482e-05,1.135e-05
s,Sad - Joyful,2.478e-11,7.927e-40,++0.08373
s,Short - Long,2.755e-07,2.859e-35,++0.006902
s,Slow - Quick,0.0002391,6.972e-46,4.372e-07
s,Small - Big,1.209e-13,7.872e-82,1.722e-05
s,Smooth - Rough_or_not_smooth,1.572e-05,1.7e-09,++0.296
s,Ugly - Beautiful,1.563e-22,2.887e-205,3.809e-18
mm,Angular - Round,++1.0,++0.001051,++1.0
mm,Bad - Good,++1.0,4.796e-06,++1.0
mm,Cold - Hot,++1.0,++0.02134,++1.0
mm,Complex - Simple,++1.0,3.358e-10,++1.0
mm,Cowardly - Brave,++1.0,6.745e-07,++1.0
mm,Dangerous - Secure,++1.0,++0.00193,++1.0
mm,Dark - Luminous,++1.0,++0.1337,++1.0
mm,Difficult - Easy,++1.0,++0.1503,++1.0
mm,Evil - Benign,++1.0,++0.01299,++1.0
mm,Faded - Bright,++1.0,2.898e-06,++1.0
mm,Feeble - Strong,++1.0,1.171e-09,++1.0
mm,Masculine - Feminine,++1.0,++0.126,++1.0
mm,Passive - Active,++1.0,++0.3117,++1.0
mm,Quiet - Loud,++1.0,++0.01777,++1.0
mm,Rough - Tender,++1.0,9.394e-05,++1.0
mm,Sad - Joyful,++1.0,++0.003872,++1.0
mm,Short - Long,++1.0,1.421e-05,++1.0
mm,Slow - Quick,++1.0,4.231e-16,++1.0
mm,Small - Big,++1.0,++0.003166,++1.0
mm,Smooth - Rough_or_not_smooth,++1.0,6.427e-07,++1.0
mm,Ugly - Beautiful,++1.0,2.817e-07,++1.0
m,Angular - Round,4.875e-06,1.101e-15,++0.422
m,Bad - Good,++0.003158,++0.03096,++0.03065
m,Cold - Hot,1.328e-08,4.041e-30,++0.1346
m,Complex - Simple,++0.06603,++0.02179,++0.3508
m,Cowardly - Brave,++0.1556,6.017e-16,1.125e-10
m,Dangerous - Secure,1.566e-15,4.895e-80,0.0002496
m,Dark - Luminous,++0.1655,4.148e-22,5.885e-13
m,Difficult - Easy,++0.02584,1.436e-09,++0.05556
m,Evil - Benign,++0.1065,6.72e-14,0.0002826
m,Faded - Bright,++0.001476,8.928e-36,1.397e-06
m,Feeble - Strong,++0.01832,1.907e-21,2.714e-17
m,Masculine - Feminine,++0.001678,3.236e-23,++0.001309
m,Passive - Active,++0.02021,3.65e-06,1.478e-07
m,Quiet - Loud,0.0007695,2.291e-07,++0.3719
m,Rough - Tender,++0.09129,2.424e-23,4.042e-07
m,Sad - Joyful,3.375e-08,1.514e-10,++0.02061
m,Short - Long,3.74e-05,1.079e-11,++0.446
m,Slow - Quick,++0.008511,++0.3996,++0.00719
m,Small - Big,++0.356,++0.09722,++0.3371
m,Smooth - Rough_or_not_smooth,++0.2766,1.129e-13,2.905e-05
m,Ugly - Beautiful,7.013e-13,++0.00796,1.208e-10
nn,Angular - Round,++1.0,2.129e-07,++1.0
nn,Bad - Good,++1.0,++0.4431,++1.0
nn,Cold - Hot,++1.0,1.419e-13,++1.0
nn,Complex - Simple,++1.0,++0.05597,++1.0
nn,Cowardly - Brave,++1.0,++0.01159,++1.0
nn,Dangerous - Secure,++1.0,++0.001541,++1.0
nn,Dark - Luminous,++1.0,5.661e-20,++1.0
nn,Difficult - Easy,++1.0,++0.01259,++1.0
nn,Evil - Benign,++1.0,1.725e-11,++1.0
nn,Faded - Bright,++1.0,1.52e-07,++1.0
nn,Feeble - Strong,++1.0,++0.1438,++1.0
nn,Masculine - Feminine,++1.0,5.642e-06,++1.0
nn,Passive - Active,++1.0,++0.4673,++1.0
nn,Quiet - Loud,++1.0,4.415e-07,++1.0
nn,Rough - Tender,++1.0,++0.001222,++1.0
nn,Sad - Joyful,++1.0,2.502e-11,++1.0
nn,Short - Long,++1.0,++0.03924,++1.0
nn,Slow - Quick,++1.0,++0.001416,++1.0
nn,Small - Big,++1.0,5.697e-14,++1.0
nn,Smooth - Rough_or_not_smooth,++1.0,++0.3124,++1.0
nn,Ugly - Beautiful,++1.0,0.0001999,++1.0
n,Angular - Round,2.409e-09,7.843e-296,2.572e-12
n,Bad - Good,1.006e-11,2.449e-193,0.0003043
n,Cold - Hot,1.608e-08,5.968e-171,2.315e-05
n,Complex - Simple,++0.003169,++0.008193,++0.02507
n,Cowardly - Brave,4.519e-21,7.94e-301,++0.001131
n,Dangerous - Secure,2.565e-23,2.235e-106,++0.004271
n,Dark - Luminous,5.535e-09,0.0,7.025e-14
n,Difficult - Easy,2.578e-16,1.065e-193,++0.03176
n,Evil - Benign,6.946e-07,1.948e-165,3.554e-07
n,Faded - Bright,2.452e-29,0.0,++0.02227
n,Feeble - Strong,1.476e-42,0.0,++0.2605
n,Masculine - Feminine,1.324e-11,0.0,1.44e-19
n,Passive - Active,4.763e-23,0.0,3.029e-05
n,Quiet - Loud,6.571e-08,2.934e-174,3.302e-06
n,Rough - Tender,1.354e-11,5.459e-173,++0.003095
n,Sad - Joyful,7.159e-15,1.677e-59,++0.008399
n,Short - Long,1.358e-19,2.113e-275,++0.002527
n,Slow - Quick,3.405e-11,2.516e-194,0.0003054
n,Small - Big,2.045e-07,2.45e-275,2.479e-14
n,Smooth - Rough_or_not_smooth,7.67e-32,0.0,++0.1858
n,Ugly - Beautiful,1.365e-10,6.412e-227,3.285e-06
pp,Angular - Round,++1.0,1.955e-20,++1.0
pp,Bad - Good,++1.0,++0.1685,++1.0
pp,Cold - Hot,++1.0,0.0003677,++1.0
pp,Complex - Simple,++1.0,1.425e-23,++1.0
pp,Cowardly - Brave,++1.0,++0.05667,++1.0
pp,Dangerous - Secure,++1.0,++0.121,++1.0
pp,Dark - Luminous,++1.0,1.893e-14,++1.0
pp,Difficult - Easy,++1.0,8.012e-05,++1.0
pp,Evil - Benign,++1.0,++0.3606,++1.0
pp,Faded - Bright,++1.0,++0.01624,++1.0
pp,Feeble - Strong,++1.0,4.335e-10,++1.0
pp,Masculine - Feminine,++1.0,0.0002787,++1.0
pp,Passive - Active,++1.0,2.312e-07,++1.0
pp,Quiet - Loud,++1.0,2.066e-13,++1.0
pp,Rough - Tender,++1.0,++0.142,++1.0
pp,Sad - Joyful,++1.0,5.03e-10,++1.0
pp,Short - Long,++1.0,2.875e-09,++1.0
pp,Slow - Quick,++1.0,4.381e-16,++1.0
pp,Small - Big,++1.0,5.683e-08,++1.0
pp,Smooth - Rough_or_not_smooth,++1.0,++0.3234,++1.0
pp,Ugly - Beautiful,++1.0,5.597e-13,++1.0
p,Angular - Round,++0.006376,1.594e-14,5.954e-23
p,Bad - Good,++0.005292,2.226e-05,++0.2638
p,Cold - Hot,++0.1433,++0.428,++0.1175
p,Complex - Simple,++0.2321,3.222e-23,1.826e-23
p,Cowardly - Brave,++0.05877,++0.1961,++0.003189
p,Dangerous - Secure,8.852e-10,++0.02957,2.908e-09
p,Dark - Luminous,++0.2626,1.781e-10,4.46e-11
p,Difficult - Easy,++0.07339,1.238e-10,2.394e-05
p,Evil - Benign,++0.09069,++0.00697,++0.269
p,Faded - Bright,++0.4072,++0.09481,++0.1626
p,Feeble - Strong,++0.3871,++0.001107,++0.00911
p,Masculine - Feminine,++0.0161,++0.2046,++0.02588
p,Passive - Active,++0.07009,9.864e-08,++0.001892
p,Quiet - Loud,0.0001642,3.379e-15,++0.0037
p,Rough - Tender,++0.006491,++0.02199,++0.122
p,Sad - Joyful,9.467e-05,0.000668,++0.0405
p,Short - Long,++0.001649,++0.2441,1.247e-05
p,Slow - Quick,++0.1397,8.601e-08,8.419e-10
p,Small - Big,++0.01845,++0.004006,++0.4233
p,Smooth - Rough_or_not_smooth,++0.1571,++0.1237,++0.406
p,Ugly - Beautiful,++0.2985,++0.02918,++0.008904
oo,Angular - Round,++1.0,++0.2535,++1.0
oo,Bad - Good,++1.0,6.353e-06,++1.0
oo,Cold - Hot,++1.0,1.07e-10,++1.0
oo,Complex - Simple,++1.0,0.0005808,++1.0
oo,Cowardly - Brave,++1.0,++0.007624,++1.0
oo,Dangerous - Secure,++1.0,++0.07322,++1.0
oo,Dark - Luminous,++1.0,++0.2793,++1.0
oo,Difficult - Easy,++1.0,4.019e-08,++1.0
oo,Evil - Benign,++1.0,1.92e-09,++1.0
oo,Faded - Bright,++1.0,++0.02145,++1.0
oo,Feeble - Strong,++1.0,++0.08544,++1.0
oo,Masculine - Feminine,++1.0,++0.03388,++1.0
oo,Passive - Active,++1.0,++0.4006,++1.0
oo,Quiet - Loud,++1.0,8.312e-09,++1.0
oo,Rough - Tender,++1.0,5.013e-14,++1.0
oo,Sad - Joyful,++1.0,2.545e-08,++1.0
oo,Short - Long,++1.0,0.000299,++1.0
oo,Slow - Quick,++1.0,++0.005819,++1.0
oo,Small - Big,++1.0,3.883e-09,++1.0
oo,Smooth - Rough_or_not_smooth,++1.0,0.0006511,++1.0
oo,Ugly - Beautiful,++1.0,++0.2641,++1.0
oi,Angular - Round,++0.435,2.891e-28,++0.01596
oi,Bad - Good,++0.2189,1.51e-32,++0.001137
oi,Cold - Hot,++0.08808,3.008e-15,++0.3778
oi,Complex - Simple,7.192e-05,1.888e-05,2.527e-06
oi,Cowardly - Brave,++0.1932,++0.2584,++0.1323
oi,Dangerous - Secure,1.998e-08,0.0002382,3.219e-10
oi,Dark - Luminous,++0.01125,3.764e-24,++0.4372
oi,Difficult - Easy,1.838e-06,4.602e-06,4.771e-09
oi,Evil - Benign,3.515e-07,0.0001967,2.069e-06
oi,Faded - Bright,++0.1136,1.653e-05,++0.01547
oi,Feeble - Strong,++0.4235,++0.1143,++0.3216
oi,Masculine - Feminine,1.555e-05,++0.2998,3.152e-06
oi,Passive - Active,++0.08367,6.758e-20,++0.3223
oi,Quiet - Loud,5.845e-06,0.0001229,7.718e-05
oi,Rough - Tender,7.822e-08,++0.3243,2.146e-08
oi,Sad - Joyful,6.742e-06,5.516e-39,++0.0415
oi,Short - Long,++0.1268,6.053e-08,++0.01352
oi,Slow - Quick,++0.01466,++0.001598,++0.03794
oi,Small - Big,++0.1193,++0.04048,++0.1933
oi,Smooth - Rough_or_not_smooth,++0.1244,++0.08777,++0.07056
oi,Ugly - Beautiful,++0.0485,6.325e-08,++0.001134
ou,Angular - Round,++1.0,4.221e-22,++1.0
ou,Bad - Good,++1.0,6.356e-09,++1.0
ou,Cold - Hot,++1.0,3.031e-20,++1.0
ou,Complex - Simple,++1.0,2.372e-27,++1.0
ou,Cowardly - Brave,++1.0,++0.05351,++1.0
ou,Dangerous - Secure,++1.0,++0.3503,++1.0
ou,Dark - Luminous,++1.0,4.671e-07,++1.0
ou,Difficult - Easy,++1.0,1.846e-18,++1.0
ou,Evil - Benign,++1.0,6.791e-14,++1.0
ou,Faded - Bright,++1.0,1.294e-24,++1.0
ou,Feeble - Strong,++1.0,++0.4425,++1.0
ou,Masculine - Feminine,++1.0,++0.004245,++1.0
ou,Passive - Active,++1.0,2.43e-10,++1.0
ou,Quiet - Loud,++1.0,1.244e-30,++1.0
ou,Rough - Tender,++1.0,1.149e-10,++1.0
ou,Sad - Joyful,++1.0,7.668e-09,++1.0
ou,Short - Long,++1.0,2.366e-15,++1.0
ou,Slow - Quick,++1.0,++0.1927,++1.0
ou,Small - Big,++1.0,8.345e-19,++1.0
ou,Smooth - Rough_or_not_smooth,++1.0,1.654e-21,++1.0
ou,Ugly - Beautiful,++1.0,++0.09685,++1.0
o,Angular - Round,3.491e-05,0.0001665,++0.003781
o,Bad - Good,4.004e-11,9.419e-52,++0.01443
o,Cold - Hot,3.087e-23,9.95e-25,4.771e-35
o,Complex - Simple,++0.216,5.668e-17,0.0006242
o,Cowardly - Brave,++0.4306,1.907e-13,++0.01386
o,Dangerous - Secure,3.228e-05,1.024e-10,++0.01913
o,Dark - Luminous,8.837e-14,++0.007506,1.249e-14
o,Difficult - Easy,++0.1096,5.362e-37,9.971e-07
o,Evil - Benign,1.619e-08,7.803e-59,7.585e-24
o,Faded - Bright,9.633e-07,1.807e-12,7.127e-11
o,Feeble - Strong,++0.1738,++0.2677,++0.2424
o,Masculine - Feminine,++0.1658,6.771e-16,0.00057
o,Passive - Active,0.0003508,++0.00138,1.879e-05
o,Quiet - Loud,++0.003764,3.12e-71,1.143e-14
o,Rough - Tender,0.0003957,3.27e-17,7.195e-09
o,Sad - Joyful,8.832e-13,++0.004254,4.866e-15
o,Short - Long,++0.4099,++0.005787,++0.3125
o,Slow - Quick,++0.2328,2.81e-07,++0.0172
o,Small - Big,++0.01217,2.328e-59,++0.01183
o,Smooth - Rough_or_not_smooth,2.92e-06,6.782e-07,4.595e-09
o,Ugly - Beautiful,++0.03729,9.29e-23,++0.1481
ee,Angular - Round,++1.0,1.885e-05,++1.0
ee,Bad - Good,++1.0,++0.4551,++1.0
ee,Cold - Hot,++1.0,++0.3532,++1.0
ee,Complex - Simple,++1.0,++0.007759,++1.0
ee,Cowardly - Brave,++1.0,++0.1183,++1.0
ee,Dangerous - Secure,++1.0,++0.3619,++1.0
ee,Dark - Luminous,++1.0,5.36e-06,++1.0
ee,Difficult - Easy,++1.0,++0.2855,++1.0
ee,Evil - Benign,++1.0,++0.01436,++1.0
ee,Faded - Bright,++1.0,++0.01182,++1.0
ee,Feeble - Strong,++1.0,++0.08261,++1.0
ee,Masculine - Feminine,++1.0,1.414e-09,++1.0
ee,Passive - Active,++1.0,++0.103,++1.0
ee,Quiet - Loud,++1.0,4.019e-06,++1.0
ee,Rough - Tender,++1.0,++0.02926,++1.0
ee,Sad - Joyful,++1.0,++0.1401,++1.0
ee,Short - Long,++1.0,1.018e-05,++1.0
ee,Slow - Quick,++1.0,6.352e-08,++1.0
ee,Small - Big,++1.0,++0.4837,++1.0
ee,Smooth - Rough_or_not_smooth,++1.0,++0.473,++1.0
ee,Ugly - Beautiful,++1.0,0.000139,++1.0
ei,Angular - Round,++1.0,1.804e-14,++1.0
ei,Bad - Good,++1.0,5.804e-10,++1.0
ei,Cold - Hot,++1.0,++0.3356,++1.0
ei,Complex - Simple,++1.0,5.503e-06,++1.0
ei,Cowardly - Brave,++1.0,2.516e-11,++1.0
ei,Dangerous - Secure,++1.0,++0.07225,++1.0
ei,Dark - Luminous,++1.0,8.332e-06,++1.0
ei,Difficult - Easy,++1.0,++0.01676,++1.0
ei,Evil - Benign,++1.0,++0.346,++1.0
ei,Faded - Bright,++1.0,2.189e-07,++1.0
ei,Feeble - Strong,++1.0,1.853e-22,++1.0
ei,Masculine - Feminine,++1.0,1.057e-13,++1.0
ei,Passive - Active,++1.0,7.704e-21,++1.0
ei,Quiet - Loud,++1.0,++0.001049,++1.0
ei,Rough - Tender,++1.0,0.0005977,++1.0
ei,Sad - Joyful,++1.0,9.654e-09,++1.0
ei,Short - Long,++1.0,6.278e-06,++1.0
ei,Slow - Quick,++1.0,1.135e-07,++1.0
ei,Small - Big,++1.0,++0.07331,++1.0
ei,Smooth - Rough_or_not_smooth,++1.0,1.591e-14,++1.0
ei,Ugly - Beautiful,++1.0,4.478e-06,++1.0
eu,Angular - Round,++1.0,1.355e-14,++1.0
eu,Bad - Good,++1.0,3.749e-11,++1.0
eu,Cold - Hot,++1.0,5.232e-12,++1.0
eu,Complex - Simple,++1.0,++0.02174,++1.0
eu,Cowardly - Brave,++1.0,7.979e-16,++1.0
eu,Dangerous - Secure,++1.0,1.054e-05,++1.0
eu,Dark - Luminous,++1.0,4.391e-07,++1.0
eu,Difficult - Easy,++1.0,7.657e-07,++1.0
eu,Evil - Benign,++1.0,3.71e-10,++1.0
eu,Faded - Bright,++1.0,3.818e-25,++1.0
eu,Feeble - Strong,++1.0,7.179e-15,++1.0
eu,Masculine - Feminine,++1.0,++0.4632,++1.0
eu,Passive - Active,++1.0,5.075e-07,++1.0
eu,Quiet - Loud,++1.0,6.225e-05,++1.0
eu,Rough - Tender,++1.0,2.217e-10,++1.0
eu,Sad - Joyful,++1.0,1.621e-08,++1.0
eu,Short - Long,++1.0,1.921e-27,++1.0
eu,Slow - Quick,++1.0,1.298e-14,++1.0
eu,Small - Big,++1.0,5.937e-21,++1.0
eu,Smooth - Rough_or_not_smooth,++1.0,4.523e-16,++1.0
eu,Ugly - Beautiful,++1.0,4.182e-05,++1.0
ey,Angular - Round,++1.0,4.268e-05,++1.0
ey,Bad - Good,++1.0,++0.0273,++1.0
ey,Cold - Hot,++1.0,++0.3582,++1.0
ey,Complex - Simple,++1.0,++0.06064,++1.0
ey,Cowardly - Brave,++1.0,7.351e-05,++1.0
ey,Dangerous - Secure,++1.0,0.00018,++1.0
ey,Dark - Luminous,++1.0,6.493e-07,++1.0
ey,Difficult - Easy,++1.0,++0.04501,++1.0
ey,Evil - Benign,++1.0,0.000169,++1.0
ey,Faded - Bright,++1.0,++0.0169,++1.0
ey,Feeble - Strong,++1.0,9.032e-07,++1.0
ey,Masculine - Feminine,++1.0,++0.1613,++1.0
ey,Passive - Active,++1.0,1.829e-05,++1.0
ey,Quiet - Loud,++1.0,6.854e-05,++1.0
ey,Rough - Tender,++1.0,2.871e-05,++1.0
ey,Sad - Joyful,++1.0,++0.09873,++1.0
ey,Short - Long,++1.0,++0.002595,++1.0
ey,Slow - Quick,++1.0,++0.2315,++1.0
ey,Small - Big,++1.0,2.39e-07,++1.0
ey,Smooth - Rough_or_not_smooth,++1.0,++0.1807,++1.0
ey,Ugly - Beautiful,++1.0,2.17e-05,++1.0
e,Angular - Round,2.858e-22,7.103e-161,++0.1204
e,Bad - Good,2.943e-05,1.054e-146,2.311e-06
e,Cold - Hot,++0.1299,1.424e-82,6.531e-08
e,Complex - Simple,2.97e-17,4.682e-42,1.753e-38
e,Cowardly - Brave,3.293e-06,3.752e-180,2.672e-07
e,Dangerous - Secure,3.188e-05,1.367e-76,1.351e-23
e,Dark - Luminous,1e-13,4.408e-125,++0.3768
e,Difficult - Easy,++0.1062,6.792e-195,2.18e-31
e,Evil - Benign,++0.07596,3.092e-71,4.061e-06
e,Faded - Bright,1.211e-07,9.58e-208,3.337e-07
e,Feeble - Strong,2.714e-18,2.432e-251,++0.01201
e,Masculine - Feminine,0.0003837,1.899e-192,1.327e-11
e,Passive - Active,9.919e-15,1.4e-244,0.0007078
e,Quiet - Loud,++0.101,5.908e-72,2.742e-07
e,Rough - Tender,++0.151,6.954e-112,1.148e-10
e,Sad - Joyful,++0.07014,1.56e-34,1.048e-08
e,Short - Long,6.219e-10,9.725e-234,2.997e-06
e,Slow - Quick,7.442e-31,9.032e-143,0.0001109
e,Small - Big,++0.001249,4.283e-160,4.678e-10
e,Smooth - Rough_or_not_smooth,1.048e-05,1.267e-252,1.543e-12
e,Ugly - Beautiful,1.867e-27,1.482e-125,0.0005791
ɑɑ,Angular - Round,0.0007254,1.452e-59,++0.24
ɑɑ,Bad - Good,++0.3963,2.486e-07,++0.1502
ɑɑ,Cold - Hot,++0.004198,5.059e-10,++0.04664
ɑɑ,Complex - Simple,++0.4053,1.406e-08,++0.1652
ɑɑ,Cowardly - Brave,++0.007157,2.805e-08,++0.07398
ɑɑ,Dangerous - Secure,++0.1082,6.362e-17,++0.4371
ɑɑ,Dark - Luminous,++0.01676,1.819e-28,++0.3331
ɑɑ,Difficult - Easy,++0.05066,++0.1945,++0.04274
ɑɑ,Evil - Benign,++0.01682,0.0003806,++0.06513
ɑɑ,Faded - Bright,3.44e-07,1.851e-20,0.000261
ɑɑ,Feeble - Strong,++0.0218,2.963e-24,++0.344
ɑɑ,Masculine - Feminine,++0.04904,1.027e-20,++0.4425
ɑɑ,Passive - Active,++0.1407,2.037e-11,++0.01688
ɑɑ,Quiet - Loud,0.0005296,++0.1471,++0.001194
ɑɑ,Rough - Tender,++0.2762,2.796e-06,++0.4424
ɑɑ,Sad - Joyful,0.0006103,++0.05906,++0.001225
ɑɑ,Short - Long,++0.02436,5.399e-45,++0.3892
ɑɑ,Slow - Quick,0.0006574,3.04e-77,++0.2896
ɑɑ,Small - Big,++0.059,5.515e-13,++0.3168
ɑɑ,Smooth - Rough_or_not_smooth,++0.07314,++0.007954,++0.03785
ɑɑ,Ugly - Beautiful,2.464e-05,1.814e-10,++0.001617
ɑu,Angular - Round,++0.254,++0.1238,++0.1973
ɑu,Bad - Good,3.468e-06,2.853e-12,++0.005626
ɑu,Cold - Hot,5.217e-06,2.983e-09,++0.001287
ɑu,Complex - Simple,++0.03753,3.971e-11,++0.4431
ɑu,Cowardly - Brave,++0.4248,4.492e-11,++0.05409
ɑu,Dangerous - Secure,0.0004196,0.0001632,++0.005823
ɑu,Dark - Luminous,7.464e-05,0.0001933,4.609e-06
ɑu,Difficult - Easy,++0.2039,3.783e-21,++0.002003
ɑu,Evil - Benign,++0.2585,1.29e-16,++0.09485
ɑu,Faded - Bright,4.245e-05,2.892e-10,++0.008664
ɑu,Feeble - Strong,++0.3436,5.278e-08,++0.2002
ɑu,Masculine - Feminine,++0.1065,5.174e-15,++0.2615
ɑu,Passive - Active,0.0001339,3.64e-35,++0.3654
ɑu,Quiet - Loud,++0.006342,5.524e-34,++0.3725
ɑu,Rough - Tender,++0.4357,0.0005752,++0.1778
ɑu,Sad - Joyful,0.0003117,1.013e-08,++0.01717
ɑu,Short - Long,++0.2345,++0.04566,++0.1696
ɑu,Slow - Quick,++0.4951,5.797e-10,++0.06165
ɑu,Small - Big,++0.2813,++0.006681,++0.1242
ɑu,Smooth - Rough_or_not_smooth,++0.01625,++0.4395,++0.02612
ɑu,Ugly - Beautiful,++0.09307,6.77e-15,++0.3041
ɑi,Angular - Round,++0.02849,2.404e-28,++0.3603
ɑi,Bad - Good,++0.3376,1.995e-84,0.0003801
ɑi,Cold - Hot,++0.2978,1.165e-32,++0.02364
ɑi,Complex - Simple,6.706e-07,6.661e-07,2.232e-09
ɑi,Cowardly - Brave,++0.02867,8.632e-84,++0.02192
ɑi,Dangerous - Secure,++0.03609,4.085e-64,2.627e-07
ɑi,Dark - Luminous,1.922e-06,3.414e-40,++0.01259
ɑi,Difficult - Easy,++0.1179,1.081e-90,4.765e-09
ɑi,Evil - Benign,++0.3076,7.718e-54,2.962e-05
ɑi,Faded - Bright,++0.03315,3.104e-71,++0.03205
ɑi,Feeble - Strong,3.728e-07,1.078e-71,++0.03353
ɑi,Masculine - Feminine,++0.001447,3.211e-112,++0.06395
ɑi,Passive - Active,0.000846,1.273e-105,++0.1127
ɑi,Quiet - Loud,++0.08848,7.37e-20,0.0005073
ɑi,Rough - Tender,++0.01472,1.537e-95,++0.02168
ɑi,Sad - Joyful,++0.3986,1.676e-11,++0.04528
ɑi,Short - Long,++0.2148,8.251e-85,0.0005153
ɑi,Slow - Quick,++0.3847,6.423e-48,0.000404
ɑi,Small - Big,++0.1279,1.538e-66,++0.007054
ɑi,Smooth - Rough_or_not_smooth,++0.008432,3.835e-71,++0.1017
ɑi,Ugly - Beautiful,++0.001627,1.478e-26,++0.1793
ɑ,Angular - Round,4.897e-07,++0.05334,2.062e-05
ɑ,Bad - Good,++0.3407,6.734e-08,++0.008955
ɑ,Cold - Hot,++0.01165,1.232e-49,1.65e-14
ɑ,Complex - Simple,0.000335,4.477e-42,++0.04243
ɑ,Cowardly - Brave,++0.2242,++0.003034,++0.03541
ɑ,Dangerous - Secure,1.604e-07,2.885e-14,++0.01579
ɑ,Dark - Luminous,4.522e-08,6.153e-05,8.642e-05
ɑ,Difficult - Easy,++0.01199,6.01e-50,0.0004349
ɑ,Evil - Benign,++0.009949,3.459e-36,6.628e-12
ɑ,Faded - Bright,0.0005174,2.047e-16,3.004e-10
ɑ,Feeble - Strong,1.906e-05,4.427e-07,++0.01573
ɑ,Masculine - Feminine,++0.4099,0.0007376,++0.07875
ɑ,Passive - Active,9.986e-05,7.765e-17,++0.2635
ɑ,Quiet - Loud,++0.45,1.141e-54,2.565e-09
ɑ,Rough - Tender,++0.4689,3.043e-35,3.923e-06
ɑ,Sad - Joyful,++0.01025,2.705e-23,++0.08775
ɑ,Short - Long,0.0003958,2.825e-16,1.947e-10
ɑ,Slow - Quick,1.727e-08,2.565e-08,3.042e-13
ɑ,Small - Big,++0.3551,1.044e-45,1.026e-08
ɑ,Smooth - Rough_or_not_smooth,++0.001108,8.784e-15,2.569e-09
ɑ,Ugly - Beautiful,6.472e-22,3.732e-16,4.038e-10
øø,Angular - Round,++1.0,++1.0,++1.0
øø,Bad - Good,++1.0,++1.0,++1.0
øø,Cold - Hot,++1.0,++1.0,++1.0
øø,Complex - Simple,++1.0,++1.0,++1.0
øø,Cowardly - Brave,++1.0,++1.0,++1.0
øø,Dangerous - Secure,++1.0,++1.0,++1.0
øø,Dark - Luminous,++1.0,++1.0,++1.0
øø,Difficult - Easy,++1.0,++1.0,++1.0
øø,Evil - Benign,++1.0,++1.0,++1.0
øø,Faded - Bright,++1.0,++1.0,++1.0
øø,Feeble - Strong,++1.0,++1.0,++1.0
øø,Masculine - Feminine,++1.0,++1.0,++1.0
øø,Passive - Active,++1.0,++1.0,++1.0
øø,Quiet - Loud,++1.0,++1.0,++1.0
øø,Rough - Tender,++1.0,++1.0,++1.0
øø,Sad - Joyful,++1.0,++1.0,++1.0
øø,Short - Long,++1.0,++1.0,++1.0
øø,Slow - Quick,++1.0,++1.0,++1.0
øø,Small - Big,++1.0,++1.0,++1.0
øø,Smooth - Rough_or_not_smooth,++1.0,++1.0,++1.0
øø,Ugly - Beautiful,++1.0,++1.0,++1.0
øi,Angular - Round,++1.0,++0.4374,++1.0
øi,Bad - Good,++1.0,7.379e-07,++1.0
øi,Cold - Hot,++1.0,0.0008253,++1.0
øi,Complex - Simple,++1.0,5.758e-09,++1.0
øi,Cowardly - Brave,++1.0,++0.2119,++1.0
øi,Dangerous - Secure,++1.0,++0.4275,++1.0
øi,Dark - Luminous,++1.0,++0.1097,++1.0
øi,Difficult - Easy,++1.0,9.761e-06,++1.0
øi,Evil - Benign,++1.0,++0.002106,++1.0
øi,Faded - Bright,++1.0,0.0002757,++1.0
øi,Feeble - Strong,++1.0,++0.3376,++1.0
øi,Masculine - Feminine,++1.0,++0.1723,++1.0
øi,Passive - Active,++1.0,++0.1423,++1.0
øi,Quiet - Loud,++1.0,++0.0115,++1.0
øi,Rough - Tender,++1.0,4.243e-05,++1.0
øi,Sad - Joyful,++1.0,++0.4067,++1.0
øi,Short - Long,++1.0,++0.01407,++1.0
øi,Slow - Quick,++1.0,++0.002093,++1.0
øi,Small - Big,++1.0,1.041e-06,++1.0
øi,Smooth - Rough_or_not_smooth,++1.0,2.621e-05,++1.0
øi,Ugly - Beautiful,++1.0,++0.05165,++1.0
øy,Angular - Round,++1.0,2.749e-06,++1.0
øy,Bad - Good,++1.0,++0.06234,++1.0
øy,Cold - Hot,++1.0,++0.4221,++1.0
øy,Complex - Simple,++1.0,4.429e-09,++1.0
øy,Cowardly - Brave,++1.0,++0.009368,++1.0
øy,Dangerous - Secure,++1.0,4.218e-10,++1.0
øy,Dark - Luminous,++1.0,++0.1183,++1.0
øy,Difficult - Easy,++1.0,7.783e-05,++1.0
øy,Evil - Benign,++1.0,++0.001548,++1.0
øy,Faded - Bright,++1.0,++0.362,++1.0
øy,Feeble - Strong,++1.0,0.0004292,++1.0
øy,Masculine - Feminine,++1.0,++0.001534,++1.0
øy,Passive - Active,++1.0,7.285e-05,++1.0
øy,Quiet - Loud,++1.0,7.221e-05,++1.0
øy,Rough - Tender,++1.0,++0.0349,++1.0
øy,Sad - Joyful,++1.0,++0.2464,++1.0
øy,Short - Long,++1.0,++0.2357,++1.0
øy,Slow - Quick,++1.0,++0.2587,++1.0
øy,Small - Big,++1.0,1.654e-05,++1.0
øy,Smooth - Rough_or_not_smooth,++1.0,++0.008474,++1.0
øy,Ugly - Beautiful,++1.0,0.0004215,++1.0
ø,Angular - Round,++1.0,++0.3889,++1.0
ø,Bad - Good,++1.0,0.0005805,++1.0
ø,Cold - Hot,++1.0,3.44e-10,++1.0
ø,Complex - Simple,++1.0,++0.4191,++1.0
ø,Cowardly - Brave,++1.0,0.0004988,++1.0
ø,Dangerous - Secure,++1.0,0.0003188,++1.0
ø,Dark - Luminous,++1.0,++0.02017,++1.0
ø,Difficult - Easy,++1.0,++0.02359,++1.0
ø,Evil - Benign,++1.0,++0.08554,++1.0
ø,Faded - Bright,++1.0,++0.4615,++1.0
ø,Feeble - Strong,++1.0,3.173e-05,++1.0
ø,Masculine - Feminine,++1.0,++0.01572,++1.0
ø,Passive - Active,++1.0,++0.001185,++1.0
ø,Quiet - Loud,++1.0,++0.4179,++1.0
ø,Rough - Tender,++1.0,++0.1088,++1.0
ø,Sad - Joyful,++1.0,++0.01722,++1.0
ø,Short - Long,++1.0,++0.3074,++1.0
ø,Slow - Quick,++1.0,0.0005523,++1.0
ø,Small - Big,++1.0,++0.4832,++1.0
ø,Smooth - Rough_or_not_smooth,++1.0,8.828e-06,++1.0
ø,Ugly - Beautiful,++1.0,7.595e-12,++1.0
ææ,Angular - Round,2.695e-06,3.633e-106,++0.1181
ææ,Bad - Good,++0.002358,0.0003135,0.0001626
ææ,Cold - Hot,++0.3698,1.161e-10,++0.1106
ææ,Complex - Simple,1.034e-06,3.777e-35,++0.08417
ææ,Cowardly - Brave,++0.03693,7.238e-25,1.648e-05
ææ,Dangerous - Secure,++0.04354,6.639e-35,++0.1082
ææ,Dark - Luminous,++0.02172,1.626e-74,++0.00323
ææ,Difficult - Easy,++0.004592,++0.04332,++0.001761
ææ,Evil - Benign,++0.04946,7.684e-10,++0.001603
ææ,Faded - Bright,6.761e-10,1.753e-49,++0.01333
ææ,Feeble - Strong,++0.02439,2.73e-54,++0.02114
ææ,Masculine - Feminine,++0.07796,1.121e-32,++0.04734
ææ,Passive - Active,++0.3454,7.013e-21,++0.004423
ææ,Quiet - Loud,++0.1546,++0.1327,++0.09932
ææ,Rough - Tender,0.0001713,1.943e-18,++0.1057
ææ,Sad - Joyful,2.396e-06,1.319e-09,++0.002627
ææ,Short - Long,0.0001773,2.173e-47,++0.3852
ææ,Slow - Quick,++0.2991,5.037e-48,1.03e-05
ææ,Small - Big,++0.1675,3.756e-16,++0.001034
ææ,Smooth - Rough_or_not_smooth,1.099e-07,4.817e-44,++0.05429
ææ,Ugly - Beautiful,2.561e-05,1.181e-20,1.408e-10
æi,Angular - Round,++1.0,++0.2185,++1.0
æi,Bad - Good,++1.0,1.26e-11,++1.0
æi,Cold - Hot,++1.0,4.869e-25,++1.0
æi,Complex - Simple,++1.0,9.284e-16,++1.0
æi,Cowardly - Brave,++1.0,7.958e-08,++1.0
æi,Dangerous - Secure,++1.0,3.005e-21,++1.0
æi,Dark - Luminous,++1.0,1.028e-07,++1.0
æi,Difficult - Easy,++1.0,4.504e-16,++1.0
æi,Evil - Benign,++1.0,5.228e-31,++1.0
æi,Faded - Bright,++1.0,2.166e-14,++1.0
æi,Feeble - Strong,++1.0,++0.1706,++1.0
æi,Masculine - Feminine,++1.0,1.382e-13,++1.0
æi,Passive - Active,++1.0,1.465e-09,++1.0
æi,Quiet - Loud,++1.0,4.224e-21,++1.0
æi,Rough - Tender,++1.0,1.335e-14,++1.0
æi,Sad - Joyful,++1.0,1.364e-11,++1.0
æi,Short - Long,++1.0,1.328e-07,++1.0
æi,Slow - Quick,++1.0,8.153e-13,++1.0
æi,Small - Big,++1.0,1.489e-35,++1.0
æi,Smooth - Rough_or_not_smooth,++1.0,++0.00789,++1.0
æi,Ugly - Beautiful,++1.0,1.515e-06,++1.0
æy,Angular - Round,++1.0,0.0001734,++1.0
æy,Bad - Good,++1.0,4.877e-05,++1.0
æy,Cold - Hot,++1.0,0.000377,++1.0
æy,Complex - Simple,++1.0,++0.2867,++1.0
æy,Cowardly - Brave,++1.0,++0.01262,++1.0
æy,Dangerous - Secure,++1.0,++0.04227,++1.0
æy,Dark - Luminous,++1.0,1.075e-16,++1.0
æy,Difficult - Easy,++1.0,++0.1284,++1.0
æy,Evil - Benign,++1.0,5.832e-07,++1.0
æy,Faded - Bright,++1.0,++0.04885,++1.0
æy,Feeble - Strong,++1.0,++0.003339,++1.0
æy,Masculine - Feminine,++1.0,++0.006685,++1.0
æy,Passive - Active,++1.0,++0.09402,++1.0
æy,Quiet - Loud,++1.0,4.64e-08,++1.0
æy,Rough - Tender,++1.0,++0.2037,++1.0
æy,Sad - Joyful,++1.0,1.38e-09,++1.0
æy,Short - Long,++1.0,++0.1223,++1.0
æy,Slow - Quick,++1.0,0.0003715,++1.0
æy,Small - Big,++1.0,++0.07573,++1.0
æy,Smooth - Rough_or_not_smooth,++1.0,++0.09717,++1.0
æy,Ugly - Beautiful,++1.0,3.839e-06,++1.0
æ,Angular - Round,++0.0828,0.0006433,++0.04006
æ,Bad - Good,++0.02809,++0.4891,++0.02841
æ,Cold - Hot,1.227e-08,2.206e-11,8.005e-11
æ,Complex - Simple,1.801e-11,6.055e-16,6.389e-15
æ,Cowardly - Brave,++0.06309,3.338e-06,++0.1163
æ,Dangerous - Secure,2.332e-09,++0.1424,3.562e-09
æ,Dark - Luminous,++0.2958,5.256e-05,++0.4308
æ,Difficult - Easy,2.918e-07,++0.03502,3.062e-08
æ,Evil - Benign,1.428e-13,++0.001225,4.319e-15
æ,Faded - Bright,++0.1984,++0.2318,++0.1546
æ,Feeble - Strong,++0.03475,4.003e-15,++0.004478
æ,Masculine - Feminine,++0.2998,++0.1562,++0.2574
æ,Passive - Active,++0.00419,++0.04534,++0.005879
æ,Quiet - Loud,++0.09603,3.804e-14,++0.01372
æ,Rough - Tender,3.45e-10,++0.1464,1.253e-10
æ,Sad - Joyful,0.0001066,4.53e-14,1.909e-06
æ,Short - Long,++0.262,++0.4526,++0.2562
æ,Slow - Quick,++0.0105,++0.03494,++0.01401
æ,Small - Big,++0.006036,++0.05131,++0.002953
æ,Smooth - Rough_or_not_smooth,++0.03553,++0.3025,++0.02908
æ,Ugly - Beautiful,3.691e-05,++0.009824,1.102e-05
yy,Angular - Round,++1.0,++0.04404,++1.0
yy,Bad - Good,++1.0,++0.003391,++1.0
yy,Cold - Hot,++1.0,1.639e-23,++1.0
yy,Complex - Simple,++1.0,5.669e-08,++1.0
yy,Cowardly - Brave,++1.0,++0.2311,++1.0
yy,Dangerous - Secure,++1.0,2.7e-55,++1.0
yy,Dark - Luminous,++1.0,++0.01564,++1.0
yy,Difficult - Easy,++1.0,++0.09541,++1.0
yy,Evil - Benign,++1.0,1.511e-05,++1.0
yy,Faded - Bright,++1.0,2.551e-07,++1.0
yy,Feeble - Strong,++1.0,++0.0332,++1.0
yy,Masculine - Feminine,++1.0,3.977e-07,++1.0
yy,Passive - Active,++1.0,5.373e-49,++1.0
yy,Quiet - Loud,++1.0,++0.1415,++1.0
yy,Rough - Tender,++1.0,2.988e-19,++1.0
yy,Sad - Joyful,++1.0,0.0009995,++1.0
yy,Short - Long,++1.0,3.245e-05,++1.0
yy,Slow - Quick,++1.0,++0.0281,++1.0
yy,Small - Big,++1.0,++0.3088,++1.0
yy,Smooth - Rough_or_not_smooth,++1.0,++0.001332,++1.0
yy,Ugly - Beautiful,++1.0,1.4e-25,++1.0
yi,Angular - Round,++1.0,2.979e-08,++1.0
yi,Bad - Good,++1.0,1.173e-09,++1.0
yi,Cold - Hot,++1.0,3.251e-06,++1.0
yi,Complex - Simple,++1.0,5.741e-09,++1.0
yi,Cowardly - Brave,++1.0,2.522e-10,++1.0
yi,Dangerous - Secure,++1.0,6.125e-06,++1.0
yi,Dark - Luminous,++1.0,1.543e-09,++1.0
yi,Difficult - Easy,++1.0,3.396e-17,++1.0
yi,Evil - Benign,++1.0,6.03e-09,++1.0
yi,Faded - Bright,++1.0,1.622e-11,++1.0
yi,Feeble - Strong,++1.0,9.521e-06,++1.0
yi,Masculine - Feminine,++1.0,2.571e-15,++1.0
yi,Passive - Active,++1.0,6.235e-12,++1.0
yi,Quiet - Loud,++1.0,1.379e-12,++1.0
yi,Rough - Tender,++1.0,3.744e-12,++1.0
yi,Sad - Joyful,++1.0,5.115e-08,++1.0
yi,Short - Long,++1.0,6.384e-08,++1.0
yi,Slow - Quick,++1.0,++0.001282,++1.0
yi,Small - Big,++1.0,2.328e-10,++1.0
yi,Smooth - Rough_or_not_smooth,++1.0,1.012e-11,++1.0
yi,Ugly - Beautiful,++1.0,4.36e-07,++1.0
yø,Angular - Round,++1.0,++0.2414,++1.0
yø,Bad - Good,++1.0,++0.05321,++1.0
yø,Cold - Hot,++1.0,8.775e-11,++1.0
yø,Complex - Simple,++1.0,3.86e-09,++1.0
yø,Cowardly - Brave,++1.0,++0.02017,++1.0
yø,Dangerous - Secure,++1.0,2.23e-11,++1.0
yø,Dark - Luminous,++1.0,2.188e-05,++1.0
yø,Difficult - Easy,++1.0,++0.3068,++1.0
yø,Evil - Benign,++1.0,3.753e-08,++1.0
yø,Faded - Bright,++1.0,4.18e-12,++1.0
yø,Feeble - Strong,++1.0,++0.1325,++1.0
yø,Masculine - Feminine,++1.0,++0.1113,++1.0
yø,Passive - Active,++1.0,1.261e-11,++1.0
yø,Quiet - Loud,++1.0,3.038e-18,++1.0
yø,Rough - Tender,++1.0,++0.4724,++1.0
yø,Sad - Joyful,++1.0,0.0006269,++1.0
yø,Short - Long,++1.0,++0.001205,++1.0
yø,Slow - Quick,++1.0,2.257e-10,++1.0
yø,Small - Big,++1.0,3.705e-41,++1.0
yø,Smooth - Rough_or_not_smooth,++1.0,++0.489,++1.0
yø,Ugly - Beautiful,++1.0,6.761e-22,++1.0
y,Angular - Round,++0.0864,1.836e-12,5.537e-06
y,Bad - Good,3.784e-21,2.531e-31,1.807e-07
y,Cold - Hot,++0.01368,1.787e-05,++0.2926
y,Complex - Simple,6.368e-08,1.796e-05,1.898e-15
y,Cowardly - Brave,9.857e-11,1.335e-18,++0.001071
y,Dangerous - Secure,++0.001507,1.163e-16,1.591e-12
y,Dark - Luminous,++0.4364,1.172e-22,3.751e-06
y,Difficult - Easy,1.439e-08,++0.302,5.111e-09
y,Evil - Benign,++0.02331,++0.08403,++0.06286
y,Faded - Bright,++0.1698,++0.445,++0.1741
y,Feeble - Strong,7.891e-11,3.956e-37,++0.09492
y,Masculine - Feminine,3.208e-13,2.162e-11,1.13e-06
y,Passive - Active,6.288e-14,5.94e-36,++0.004857
y,Quiet - Loud,0.000223,2.337e-08,++0.1113
y,Rough - Tender,5.708e-08,1.135e-05,4.894e-05
y,Sad - Joyful,++0.09397,++0.01261,++0.3429
y,Short - Long,0.0002809,9.542e-06,++0.03292
y,Slow - Quick,++0.005841,0.0001084,9.26e-06
y,Small - Big,++0.173,0.0008069,++0.008085
y,Smooth - Rough_or_not_smooth,++0.4216,++0.1818,++0.2845
y,Ugly - Beautiful,++0.02579,2.803e-48,1.227e-06
uu,Angular - Round,++0.07318,5.892e-07,++0.3195
uu,Bad - Good,++0.07513,++0.1763,++0.1036
uu,Cold - Hot,++0.001078,4.786e-22,++0.1283
uu,Complex - Simple,++0.09188,3.435e-11,++0.4542
uu,Cowardly - Brave,++0.1667,++0.001122,++0.06033
uu,Dangerous - Secure,++0.001377,1.189e-111,++0.0346
uu,Dark - Luminous,++0.1956,++0.009364,++0.3831
uu,Difficult - Easy,++0.3139,4.972e-06,++0.08699
uu,Evil - Benign,++0.1865,2.585e-09,++0.367
uu,Faded - Bright,++0.03646,1.311e-15,++0.3712
uu,Feeble - Strong,++0.01909,++0.0083,++0.00737
uu,Masculine - Feminine,++0.02808,++0.05861,++0.05772
uu,Passive - Active,1.954e-05,1.121e-14,++0.004206
uu,Quiet - Loud,++0.2725,0.0001752,++0.09751
uu,Rough - Tender,++0.4956,2.797e-24,++0.01689
uu,Sad - Joyful,++0.08026,7.155e-06,++0.3124
uu,Short - Long,++0.1919,++0.2315,++0.1516
uu,Slow - Quick,++0.001135,1.222e-05,++0.01719
uu,Small - Big,++0.07275,3.978e-19,0.0009472
uu,Smooth - Rough_or_not_smooth,++0.06717,6.274e-15,++0.453
uu,Ugly - Beautiful,++0.06303,4.265e-27,++0.3458
ui,Angular - Round,++1.0,8.377e-15,++1.0
ui,Bad - Good,++1.0,1.861e-22,++1.0
ui,Cold - Hot,++1.0,7.579e-25,++1.0
ui,Complex - Simple,++1.0,1.924e-05,++1.0
ui,Cowardly - Brave,++1.0,6.135e-16,++1.0
ui,Dangerous - Secure,++1.0,++0.4584,++1.0
ui,Dark - Luminous,++1.0,7.086e-11,++1.0
ui,Difficult - Easy,++1.0,1.363e-14,++1.0
ui,Evil - Benign,++1.0,2.005e-15,++1.0
ui,Faded - Bright,++1.0,2.301e-31,++1.0
ui,Feeble - Strong,++1.0,9.1e-17,++1.0
ui,Masculine - Feminine,++1.0,2.125e-17,++1.0
ui,Passive - Active,++1.0,1.485e-11,++1.0
ui,Quiet - Loud,++1.0,1.186e-18,++1.0
ui,Rough - Tender,++1.0,1.035e-12,++1.0
ui,Sad - Joyful,++1.0,++0.04403,++1.0
ui,Short - Long,++1.0,5.278e-30,++1.0
ui,Slow - Quick,++1.0,3.734e-22,++1.0
ui,Small - Big,++1.0,1.332e-24,++1.0
ui,Smooth - Rough_or_not_smooth,++1.0,1.099e-21,++1.0
ui,Ugly - Beautiful,++1.0,7.215e-37,++1.0
uo,Angular - Round,++1.0,++0.03962,++1.0
uo,Bad - Good,++1.0,5.172e-06,++1.0
uo,Cold - Hot,++1.0,++0.1202,++1.0
uo,Complex - Simple,++1.0,8.663e-12,++1.0
uo,Cowardly - Brave,++1.0,++0.1573,++1.0
uo,Dangerous - Secure,++1.0,++0.03452,++1.0
uo,Dark - Luminous,++1.0,5.535e-08,++1.0
uo,Difficult - Easy,++1.0,++0.2678,++1.0
uo,Evil - Benign,++1.0,++0.04252,++1.0
uo,Faded - Bright,++1.0,++0.1719,++1.0
uo,Feeble - Strong,++1.0,4.837e-09,++1.0
uo,Masculine - Feminine,++1.0,5.179e-12,++1.0
uo,Passive - Active,++1.0,3.263e-15,++1.0
uo,Quiet - Loud,++1.0,++0.06027,++1.0
uo,Rough - Tender,++1.0,++0.03468,++1.0
uo,Sad - Joyful,++1.0,++0.3131,++1.0
uo,Short - Long,++1.0,2.539e-05,++1.0
uo,Slow - Quick,++1.0,++0.4625,++1.0
uo,Small - Big,++1.0,++0.482,++1.0
uo,Smooth - Rough_or_not_smooth,++1.0,++0.00141,++1.0
uo,Ugly - Beautiful,++1.0,++0.01118,++1.0
u,Angular - Round,++0.07054,3.877e-09,++0.004071
u,Bad - Good,++0.275,5.672e-19,++0.09443
u,Cold - Hot,2.735e-13,1.769e-18,1.238e-07
u,Complex - Simple,++0.3259,9.389e-15,++0.01702
u,Cowardly - Brave,++0.01169,5.341e-17,++0.3255
u,Dangerous - Secure,++0.01878,0.0001395,++0.00241
u,Dark - Luminous,++0.2013,1.62e-07,++0.3772
u,Difficult - Easy,++0.1069,1.651e-38,++0.0517
u,Evil - Benign,0.0003624,2.151e-34,++0.2486
u,Faded - Bright,++0.02205,8.47e-13,++0.3585
u,Feeble - Strong,++0.07179,4.828e-09,++0.4764
u,Masculine - Feminine,1.275e-09,1.037e-26,0.0003394
u,Passive - Active,++0.3794,0.0003555,++0.1484
u,Quiet - Loud,2.649e-08,2.485e-59,++0.03532
u,Rough - Tender,++0.2565,1.274e-07,++0.2888
u,Sad - Joyful,1.26e-07,1.928e-36,++0.008654
u,Short - Long,++0.04676,++0.03455,++0.02313
u,Slow - Quick,1.746e-05,1.113e-09,++0.003943
u,Small - Big,++0.005678,2.21e-13,1.921e-05
u,Smooth - Rough_or_not_smooth,++0.01069,1.061e-11,0.0001436
u,Ugly - Beautiful,++0.1369,8.645e-07,++0.01576
